,sample,total_count,population,count,percentage
0,0,93214,b_cell,10908,11.702104834037806
1,0,93214,cd8_t_cell,24440,26.21923745360139
2,0,93214,cd4_t_cell,20491,21.98274937241187
3,0,93214,nk_cell,13864,14.873302293646878
4,0,93214,monocyte,23511,25.222606046302058
5,1,100824,b_cell,6777,6.721613901452035
6,1,100824,cd8_t_cell,19407,19.248393239704832
7,1,100824,cd4_t_cell,33459,33.1855510592716
8,1,100824,nk_cell,18170,18.021502816789653
9,1,100824,monocyte,23011,22.822938982781878
10,2,92822,b_cell,9794,10.551377906099848
11,2,92822,cd8_t_cell,22940,24.713968671220186
12,2,92822,cd4_t_cell,24274,26.151127965353044
13,2,92822,nk_cell,17482,18.83389713645472
14,2,92822,monocyte,18332,19.749628320872205
15,3,93160,b_cell,10081,10.821167883211679
16,3,93160,cd8_t_cell,20271,21.75933877200515
17,3,93160,cd4_t_cell,36157,38.81172176899957
18,3,93160,nk_cell,14041,15.07191927866037
19,3,93160,monocyte,12610,13.53585229712323
20,4,107903,b_cell,4372,4.05178725336645
21,4,107903,cd8_t_cell,33778,31.304041592912153
22,4,107903,cd4_t_cell,38293,35.48835528205888
23,4,107903,nk_cell,16527,15.316534294690602
24,4,107903,monocyte,14933,13.83928157697191
25,5,105359,b_cell,15431,14.64611471255422
26,5,105359,cd8_t_cell,31940,30.315397830275536
27,5,105359,cd4_t_cell,30805,29.23812868383337
28,5,105359,nk_cell,11404,10.823944798261182
29,5,105359,monocyte,15779,14.976413975075694
30,6,99774,b_cell,5897,5.910357407741495
31,6,99774,cd8_t_cell,31296,31.36688916952312
32,6,99774,cd4_t_cell,28319,28.383145909756045
33,6,99774,nk_cell,12656,12.684667348206949
34,6,99774,monocyte,21606,21.654940164772384
35,7,98424,b_cell,10403,10.569576526050557
36,7,98424,cd8_t_cell,13504,13.72023083800699
37,7,98424,cd4_t_cell,33870,34.4123384540356
38,7,98424,nk_cell,22616,22.978135414126637
39,7,98424,monocyte,18031,18.319718767780216
40,8,90353,b_cell,8829,9.771673325733513
41,8,90353,cd8_t_cell,26215,29.013978506524406
42,8,90353,cd4_t_cell,21307,23.581950793000786
43,8,90353,nk_cell,17624,19.50571646763251
44,8,90353,monocyte,16378,18.126680907108785
45,9,95821,b_cell,7650,7.9836361549138495
46,9,95821,cd8_t_cell,33334,34.78778138403899
47,9,95821,cd4_t_cell,21097,22.01709437388464
48,9,95821,nk_cell,18064,18.85181745128938
49,9,95821,monocyte,15676,16.35967063587314
50,10,107537,b_cell,13203,12.277634674577122
51,10,107537,cd8_t_cell,21339,19.843402735802563
52,10,107537,cd4_t_cell,27873,25.919450979662813
53,10,107537,nk_cell,13209,12.283214149548527
54,10,107537,monocyte,31913,29.676297460408975
55,11,89815,b_cell,10621,11.825418916662027
56,11,89815,cd8_t_cell,19786,22.02972777375717
57,11,89815,cd4_t_cell,29391,32.72393252797417
58,11,89815,nk_cell,13520,15.053164838835384
59,11,89815,monocyte,16497,18.367755942771254
60,12,109579,b_cell,14128,12.89298131941339
61,12,109579,cd8_t_cell,21720,19.821316128090235
62,12,109579,cd4_t_cell,40320,36.79537137590232
63,12,109579,nk_cell,14609,13.331934038456271
64,12,109579,monocyte,18802,17.158397138137783
65,13,109488,b_cell,10681,9.755406985240391
66,13,109488,cd8_t_cell,19994,18.261361975741632
67,13,109488,cd4_t_cell,31697,28.95020458863072
68,13,109488,nk_cell,25043,22.872826245798628
69,13,109488,monocyte,22073,20.16020020458863
70,14,92904,b_cell,6113,6.579910445190734
71,14,92904,cd8_t_cell,25851,27.825497287522605
72,14,92904,cd4_t_cell,27223,29.30229053646775
73,14,92904,nk_cell,9254,9.960819770946355
74,14,92904,monocyte,24463,26.331481959872555
75,15,102691,b_cell,8261,8.044521915260344
76,15,102691,cd8_t_cell,21523,20.9589934853103
77,15,102691,cd4_t_cell,36217,35.26793974155476
78,15,102691,nk_cell,15753,15.340195343311489
79,15,102691,monocyte,20937,20.388349514563107
80,16,95824,b_cell,7433,7.756929370512607
81,16,95824,cd8_t_cell,22881,23.87815161128736
82,16,95824,cd4_t_cell,33881,35.35753047253298
83,16,95824,nk_cell,9432,9.843045583569879
84,16,95824,monocyte,22197,23.16434296209718
85,17,98639,b_cell,3226,3.27051166374355
86,17,98639,cd8_t_cell,20404,20.6855300641734
87,17,98639,cd4_t_cell,36405,36.90730846825292
88,17,98639,nk_cell,20739,21.02515232311763
89,17,98639,monocyte,17865,18.111497480712497
90,18,101123,b_cell,3578,3.5382652808955433
91,18,101123,cd8_t_cell,29520,29.1921719094568
92,18,101123,cd4_t_cell,32675,32.31213472701561
93,18,101123,nk_cell,15537,15.36445714624764
94,18,101123,monocyte,19813,19.5929709363844
95,19,97405,b_cell,8022,8.235716852317642
96,19,97405,cd8_t_cell,27175,27.89897849186387
97,19,97405,cd4_t_cell,30759,31.57846106462707
98,19,97405,nk_cell,10983,11.275601868487243
99,19,97405,monocyte,20466,21.011241722704174
100,20,97228,b_cell,6382,6.563952770806764
101,20,97228,cd8_t_cell,17469,17.96704652980623
102,20,97228,cd4_t_cell,32731,33.664170814991564
103,20,97228,nk_cell,18056,18.570782079236434
104,20,97228,monocyte,22590,23.23404780515901
105,21,100750,b_cell,10337,10.260049627791563
106,21,100750,cd8_t_cell,19144,19.001488833746897
107,21,100750,cd4_t_cell,31535,31.300248138957816
108,21,100750,nk_cell,12763,12.667990074441688
109,21,100750,monocyte,26971,26.770223325062037
110,22,92670,b_cell,9563,10.319412970756447
111,22,92670,cd8_t_cell,22424,24.197690730549258
112,22,92670,cd4_t_cell,32814,35.40951764325024
113,22,92670,nk_cell,11565,12.479766914859178
114,22,92670,monocyte,16304,17.593611740584873
115,23,104960,b_cell,6924,6.596798780487805
116,23,104960,cd8_t_cell,28080,26.753048780487802
117,23,104960,cd4_t_cell,29844,28.433689024390247
118,23,104960,nk_cell,15792,15.045731707317072
119,23,104960,monocyte,24320,23.170731707317074
120,24,99969,b_cell,7552,7.554341845972251
121,24,99969,cd8_t_cell,27821,27.829627184427174
122,24,99969,cd4_t_cell,35270,35.28093709049806
123,24,99969,nk_cell,19681,19.6871030019306
124,24,99969,monocyte,9645,9.647990877171923
125,25,95534,b_cell,11714,12.261603198861138
126,25,95534,cd8_t_cell,21407,22.407729185420898
127,25,95534,cd4_t_cell,30323,31.740532166558506
128,25,95534,nk_cell,20301,21.250026168693868
129,25,95534,monocyte,11789,12.340109280465592
130,26,95777,b_cell,7936,8.285914154755316
131,26,95777,cd8_t_cell,23786,24.834772440147425
132,26,95777,cd4_t_cell,34545,36.0681583261117
133,26,95777,nk_cell,13929,14.543157543042692
134,26,95777,monocyte,15581,16.267997535942868
135,27,93164,b_cell,8850,9.49937744193036
136,27,93164,cd8_t_cell,21268,22.828560388132754
137,27,93164,cd4_t_cell,26079,27.9925722382036
138,27,93164,nk_cell,18191,19.52578249109098
139,27,93164,monocyte,18776,20.153707440642307
140,28,106062,b_cell,11386,10.735230336972714
141,28,106062,cd8_t_cell,28155,26.545793969564972
142,28,106062,cd4_t_cell,28400,26.77679093360487
143,28,106062,nk_cell,8870,8.363032942995606
144,28,106062,monocyte,29251,27.579151816861835
145,29,97156,b_cell,5606,5.7701016921240065
146,29,97156,cd8_t_cell,28476,29.309564000164684
147,29,97156,cd4_t_cell,31305,32.22137593149162
148,29,97156,nk_cell,15860,16.324262011610195
149,29,97156,monocyte,15909,16.374696364609495
150,30,93972,b_cell,6413,6.824373217554165
151,30,93972,cd8_t_cell,25167,26.78138168816243
152,30,93972,cd4_t_cell,20437,21.747967479674795
153,30,93972,nk_cell,22317,23.748563401864384
154,30,93972,monocyte,19638,20.897714212744223
155,31,106625,b_cell,7007,6.571629542790153
156,31,106625,cd8_t_cell,30482,28.588042203985932
157,31,106625,cd4_t_cell,31653,29.686283704572098
158,31,106625,nk_cell,14167,13.286752637749121
159,31,106625,monocyte,23316,21.867291910902697
160,32,101357,b_cell,11118,10.969148652781751
161,32,101357,cd8_t_cell,19704,19.440196533046556
162,32,101357,cd4_t_cell,32582,32.14578174176425
163,32,101357,nk_cell,20603,20.327160432925204
164,32,101357,monocyte,17350,17.117712639482228
165,33,93131,b_cell,9054,9.721789737037078
166,33,93131,cd8_t_cell,31679,34.015526516412365
167,33,93131,cd4_t_cell,24897,26.73331114236935
168,33,93131,nk_cell,15569,16.71731217317542
169,33,93131,monocyte,11932,12.812060431005786
170,34,103870,b_cell,8350,8.038894772311544
171,34,103870,cd8_t_cell,26526,25.53769134495042
172,34,103870,cd4_t_cell,36716,35.3480311928372
173,34,103870,nk_cell,10994,10.584384326562049
174,34,103870,monocyte,21284,20.49099836333879
175,35,94622,b_cell,5327,5.629768975502525
176,35,94622,cd8_t_cell,28094,29.6907695884678
177,35,94622,cd4_t_cell,38264,40.4387985880662
178,35,94622,nk_cell,7249,7.661009067658683
179,35,94622,monocyte,15688,16.579653780304792
180,36,103532,b_cell,8635,8.34041648958776
181,36,103532,cd8_t_cell,29458,28.45303867403315
182,36,103532,cd4_t_cell,31787,30.70258470810957
183,36,103532,nk_cell,16498,15.935169802573117
184,36,103532,monocyte,17154,16.568790325696405
185,37,92368,b_cell,8915,9.65161094751429
186,37,92368,cd8_t_cell,21012,22.748137883249612
187,37,92368,cd4_t_cell,24564,26.593625498007967
188,37,92368,nk_cell,14367,15.554087995842716
189,37,92368,monocyte,23510,25.45253767538542
190,38,98897,b_cell,12062,12.196527700536922
191,38,98897,cd8_t_cell,18923,19.134048555567915
192,38,98897,cd4_t_cell,33109,33.47826526588268
193,38,98897,nk_cell,14376,14.536335783694145
194,38,98897,monocyte,20427,20.65482269431833
195,39,107756,b_cell,14634,13.580682282193102
196,39,107756,cd8_t_cell,26888,24.952670848955048
197,39,107756,cd4_t_cell,35553,32.99398641374958
198,39,107756,nk_cell,11872,11.017483945209547
199,39,107756,monocyte,18809,17.45517650989272
200,40,105943,b_cell,11007,10.389549097156017
201,40,105943,cd8_t_cell,25723,24.280037378590375
202,40,105943,cd4_t_cell,25872,24.420679044391797
203,40,105943,nk_cell,18325,17.297037085980197
204,40,105943,monocyte,25016,23.612697393881614
205,41,91358,b_cell,11583,12.678692615862868
206,41,91358,cd8_t_cell,23517,25.74158803826704
207,41,91358,cd4_t_cell,22586,24.72252019527573
208,41,91358,nk_cell,14431,15.796098863810503
209,41,91358,monocyte,19241,21.061100286783862
210,42,111631,b_cell,12118,10.855407548082521
211,42,111631,cd8_t_cell,22342,20.014153774489166
212,42,111631,cd4_t_cell,41403,37.089159821196624
213,42,111631,nk_cell,18660,16.71578683340649
214,42,111631,monocyte,17108,15.325492022825202
215,43,104827,b_cell,4750,4.531275339368674
216,43,104827,cd8_t_cell,23553,22.468448014347448
217,43,104827,cd4_t_cell,36392,34.71624676848522
218,43,104827,nk_cell,15769,15.042880174000972
219,43,104827,monocyte,24363,23.241149703797685
220,44,106034,b_cell,15793,14.894279193466248
221,44,106034,cd8_t_cell,25351,23.908369013712583
222,44,106034,cd4_t_cell,37025,34.91804515532754
223,44,106034,nk_cell,13972,13.176905520870664
224,44,106034,monocyte,13893,13.10240111662297
225,45,104473,b_cell,13792,13.201497037512084
226,45,104473,cd8_t_cell,26314,25.187368985288067
227,45,104473,cd4_t_cell,33714,32.27053879949843
228,45,104473,nk_cell,17105,16.372651307036268
229,45,104473,monocyte,13548,12.967943870665147
230,46,105731,b_cell,7726,7.307223047166866
231,46,105731,cd8_t_cell,25456,24.076193358617623
232,46,105731,cd4_t_cell,29221,27.637116834230262
233,46,105731,nk_cell,17901,16.930701497195713
234,46,105731,monocyte,25427,24.04876526278953
235,47,93338,b_cell,8249,8.837772397094431
236,47,93338,cd8_t_cell,20566,22.033898305084744
237,47,93338,cd4_t_cell,37597,40.28048597570121
238,47,93338,nk_cell,11057,11.846193404615484
239,47,93338,monocyte,15869,17.001649917504125
240,48,105178,b_cell,13648,12.976097663009375
241,48,105178,cd8_t_cell,32565,30.961798094658576
242,48,105178,cd4_t_cell,31150,29.61645971591017
243,48,105178,nk_cell,10330,9.821445549449505
244,48,105178,monocyte,17485,16.62419897697237
245,49,104513,b_cell,11419,10.92591352271966
246,49,104513,cd8_t_cell,20811,19.91235540076354
247,49,104513,cd4_t_cell,29883,28.592615272741188
248,49,104513,nk_cell,21731,20.792628668203957
249,49,104513,monocyte,20669,19.776487135571653
250,50,106504,b_cell,14113,13.251145496882746
251,50,106504,cd8_t_cell,32701,30.704011116953357
252,50,106504,cd4_t_cell,32832,30.827011192067904
253,50,106504,nk_cell,13959,13.10654998873282
254,50,106504,monocyte,12899,12.111282205363178
255,51,88918,b_cell,9765,10.982028385703682
256,51,88918,cd8_t_cell,21622,24.316786252502308
257,51,88918,cd4_t_cell,25644,28.840054882026134
258,51,88918,nk_cell,12678,14.258080478643246
259,51,88918,monocyte,19209,21.603050001124632
260,52,95942,b_cell,11122,11.592420420670821
261,52,95942,cd8_t_cell,30718,32.017260428175355
262,52,95942,cd4_t_cell,21886,22.811698734652186
263,52,95942,nk_cell,11639,12.131287652956994
264,52,95942,monocyte,20577,21.44733276354464
265,53,99135,b_cell,11822,11.925152569728148
266,53,99135,cd8_t_cell,26750,26.983406465930297
267,53,99135,cd4_t_cell,30587,30.85388611489383
268,53,99135,nk_cell,7432,7.496847732889495
269,53,99135,monocyte,22544,22.74070711655823
270,54,99486,b_cell,7782,7.822206139557325
271,54,99486,cd8_t_cell,26235,26.37054459924009
272,54,99486,cd4_t_cell,26399,26.535391914440222
273,54,99486,nk_cell,18328,18.422692640170478
274,54,99486,monocyte,20742,20.849164706591882
275,55,101344,b_cell,11645,11.490566782443953
276,55,101344,cd8_t_cell,23172,22.864698452794443
277,55,101344,cd4_t_cell,34912,34.44900536785602
278,55,101344,nk_cell,15392,15.18787496053047
279,55,101344,monocyte,16223,16.00785443637512
280,56,92361,b_cell,11022,11.933608341182966
281,56,92361,cd8_t_cell,18780,20.333257543768475
282,56,92361,cd4_t_cell,24674,26.71473890494906
283,56,92361,nk_cell,17791,19.262459263108887
284,56,92361,monocyte,20094,21.75593594699061
285,57,111127,b_cell,15157,13.639349573011058
286,57,111127,cd8_t_cell,19991,17.98932752616376
287,57,111127,cd4_t_cell,40906,36.810136150530475
288,57,111127,nk_cell,11254,10.127151817290128
289,57,111127,monocyte,23819,21.434034933004583
290,58,93201,b_cell,10510,11.276703039666955
291,58,93201,cd8_t_cell,20389,21.876374717009476
292,58,93201,cd4_t_cell,28561,30.644520981534534
293,58,93201,nk_cell,16299,17.488009785302733
294,58,93201,monocyte,17442,18.714391476486302
295,59,108944,b_cell,17545,16.104604200323102
296,59,108944,cd8_t_cell,24675,22.649250991335
297,59,108944,cd4_t_cell,33022,30.31098546042003
298,59,108944,nk_cell,14244,13.074607137611984
299,59,108944,monocyte,19458,17.860552210309883
300,60,103534,b_cell,11035,10.658334460177334
301,60,103534,cd8_t_cell,21406,20.67533370680163
302,60,103534,cd4_t_cell,38817,37.49203160314486
303,60,103534,nk_cell,14559,14.062047250178686
304,60,103534,monocyte,17717,17.11225297969749
305,61,111970,b_cell,4508,4.026078413860856
306,61,111970,cd8_t_cell,34867,31.139590961864783
307,61,111970,cd4_t_cell,38281,34.18862195230866
308,61,111970,nk_cell,16013,14.301152094310975
309,61,111970,monocyte,18301,16.34455657765473
310,62,95286,b_cell,10066,10.563986314883614
311,62,95286,cd8_t_cell,20104,21.098587410532502
312,62,95286,cd4_t_cell,21554,22.620321978045045
313,62,95286,nk_cell,17505,18.37100938228071
314,62,95286,monocyte,26057,27.346094914258128
315,63,93940,b_cell,7236,7.702789014264424
316,63,93940,cd8_t_cell,32409,34.49968064722163
317,63,93940,cd4_t_cell,29335,31.22737917819885
318,63,93940,nk_cell,10459,11.13370236321056
319,63,93940,monocyte,14501,15.436448797104536
320,64,109577,b_cell,10199,9.307610173667832
321,64,109577,cd8_t_cell,24842,22.670815955903155
322,64,109577,cd4_t_cell,33535,30.60405012000694
323,64,109577,nk_cell,16300,14.87538443286456
324,64,109577,monocyte,24701,22.542139317557517
325,65,92559,b_cell,8425,9.102302315279983
326,65,92559,cd8_t_cell,28293,30.567529899847667
327,65,92559,cd4_t_cell,24750,26.739701163582147
328,65,92559,nk_cell,12096,13.068421223219783
329,65,92559,monocyte,18995,20.52204539807042
330,66,107284,b_cell,8052,7.505313001006673
331,66,107284,cd8_t_cell,35323,32.92476044890198
332,66,107284,cd4_t_cell,37350,34.81413817531039
333,66,107284,nk_cell,13927,12.981432459639835
334,66,107284,monocyte,12632,11.774355915141122
335,67,107589,b_cell,11874,11.036444246158993
336,67,107589,cd8_t_cell,24116,22.41493089442229
337,67,107589,cd4_t_cell,29460,27.381981429328277
338,67,107589,nk_cell,21402,19.892368178903048
339,67,107589,monocyte,20737,19.27427525118739
340,68,110245,b_cell,10501,9.52514853281328
341,68,110245,cd8_t_cell,33801,30.659893872737992
342,68,110245,cd4_t_cell,35458,32.16290988253436
343,68,110245,nk_cell,7397,6.709601342464511
344,68,110245,monocyte,23088,20.94244636944986
345,69,110094,b_cell,11742,10.665431358657147
346,69,110094,cd8_t_cell,30825,27.998801024578995
347,69,110094,cd4_t_cell,35087,31.870038330880885
348,69,110094,nk_cell,12904,11.720893055025705
349,69,110094,monocyte,19536,17.744836230857267
350,70,97532,b_cell,9131,9.362055530492556
351,70,97532,cd8_t_cell,21272,21.81027765246278
352,70,97532,cd4_t_cell,31460,32.256080055776565
353,70,97532,nk_cell,15908,16.310544231636793
354,70,97532,monocyte,19761,20.2610425296313
355,71,96197,b_cell,5029,5.227813757185775
356,71,96197,cd8_t_cell,19587,20.36134182978679
357,71,96197,cd4_t_cell,36013,37.43671840078173
358,71,96197,nk_cell,19596,20.37069763090325
359,71,96197,monocyte,15972,16.603428381342454
360,72,93613,b_cell,8730,9.325627850832683
361,72,93613,cd8_t_cell,26500,28.308034140557403
362,72,93613,cd4_t_cell,22481,24.014827000523432
363,72,93613,nk_cell,16601,17.733648104429943
364,72,93613,monocyte,19301,20.617862903656544
365,73,104898,b_cell,10426,9.939179011992602
366,73,104898,cd8_t_cell,28944,27.592518446490878
367,73,104898,cd4_t_cell,26510,25.272169154797997
368,73,104898,nk_cell,19451,18.542774886079812
369,73,104898,monocyte,19567,18.653358500638717
370,74,92232,b_cell,13166,14.274872061757307
371,74,92232,cd8_t_cell,18608,20.175210339144765
372,74,92232,cd4_t_cell,33699,36.53721051262035
373,74,92232,nk_cell,15559,16.869416254662156
374,74,92232,monocyte,11200,12.143290831815422
375,75,104711,b_cell,14480,13.828537593949058
376,75,104711,cd8_t_cell,26460,25.269551432036746
377,75,104711,cd4_t_cell,33149,31.65760999321943
378,75,104711,nk_cell,14983,14.308907373628369
379,75,104711,monocyte,15639,14.935393607166391
380,76,110097,b_cell,12385,11.24917118540923
381,76,110097,cd8_t_cell,23764,21.58460266855591
382,76,110097,cd4_t_cell,37340,33.9155471992879
383,76,110097,nk_cell,15701,14.261060701018193
384,76,110097,monocyte,20907,18.989618245728767
385,77,105432,b_cell,9602,9.107291903786328
386,77,105432,cd8_t_cell,18744,17.77828363305258
387,77,105432,cd4_t_cell,42528,40.33689961302072
388,77,105432,nk_cell,16602,15.746642385613477
389,77,105432,monocyte,17956,17.030882464526897
390,78,107869,b_cell,5623,5.212804420176325
391,78,107869,cd8_t_cell,32983,30.57690346624146
392,78,107869,cd4_t_cell,26856,24.896865642584988
393,78,107869,nk_cell,18744,17.37663276752357
394,78,107869,monocyte,23663,21.936793703473658
395,79,99165,b_cell,5792,5.840770433116523
396,79,99165,cd8_t_cell,32012,32.28155095043614
397,79,99165,cd4_t_cell,32123,32.393485604800084
398,79,99165,nk_cell,10792,10.8828719810417
399,79,99165,monocyte,18446,18.601321030605554
400,80,95727,b_cell,5519,5.765353557512509
401,80,95727,cd8_t_cell,22834,23.85324934449006
402,80,95727,cd4_t_cell,31007,32.391070439896794
403,80,95727,nk_cell,17450,18.22892182978679
404,80,95727,monocyte,18917,19.76140482831385
405,81,93286,b_cell,9595,10.285573397937526
406,81,93286,cd8_t_cell,18940,20.303153742255002
407,81,93286,cd4_t_cell,31245,33.49377184143387
408,81,93286,nk_cell,14582,15.631498831550287
409,81,93286,monocyte,18924,20.286002186823318
410,82,103389,b_cell,6068,5.8690963255278605
411,82,103389,cd8_t_cell,31190,30.167619379237635
412,82,103389,cd4_t_cell,30549,29.547630792444068
413,82,103389,nk_cell,17900,17.313253827776652
414,82,103389,monocyte,17682,17.102399675013782
415,83,88242,b_cell,7306,8.279504091022416
416,83,88242,cd8_t_cell,23204,26.295868180684934
417,83,88242,cd4_t_cell,23762,26.9282201219374
418,83,88242,nk_cell,16442,18.632850570023347
419,83,88242,monocyte,17528,19.863557036331905
420,84,100815,b_cell,10469,10.384367405644001
421,84,100815,cd8_t_cell,24997,24.794921390666072
422,84,100815,cd4_t_cell,28340,28.110896196002578
423,84,100815,nk_cell,18128,17.981451172940535
424,84,100815,monocyte,18881,18.728363834746816
425,85,102542,b_cell,13770,13.428643872754579
426,85,102542,cd8_t_cell,32384,31.581205749839093
427,85,102542,cd4_t_cell,26218,25.568059916912095
428,85,102542,nk_cell,17263,16.835052953911568
429,85,102542,monocyte,12907,12.587037506582668
430,86,105610,b_cell,12479,11.816115898115708
431,86,105610,cd8_t_cell,18340,17.365779755704953
432,86,105610,cd4_t_cell,31475,29.803048953697562
433,86,105610,nk_cell,26652,25.23624656755989
434,86,105610,monocyte,16664,15.778808824921883
435,87,91946,b_cell,5686,6.184064559632827
436,87,91946,cd8_t_cell,21892,23.809627389989778
437,87,91946,cd4_t_cell,26848,29.199747677984906
438,87,91946,nk_cell,12424,13.51227894633807
439,87,91946,monocyte,25096,27.29428142605442
440,88,101732,b_cell,6883,6.765816065741359
441,88,101732,cd8_t_cell,23831,23.425274249990167
442,88,101732,cd4_t_cell,31277,30.744505170447844
443,88,101732,nk_cell,18993,18.669641803955493
444,88,101732,monocyte,20748,20.394762709865137
445,89,107271,b_cell,14432,13.453775950629712
446,89,107271,cd8_t_cell,23729,22.120610416608404
447,89,107271,cd4_t_cell,31757,29.604459732826204
448,89,107271,nk_cell,15290,14.253619337938492
449,89,107271,monocyte,22063,20.567534561997185
450,90,102290,b_cell,13492,13.189950141753837
451,90,102290,cd8_t_cell,20490,20.031283605435526
452,90,102290,cd4_t_cell,26759,26.15993743278913
453,90,102290,nk_cell,18101,17.695766937139506
454,90,102290,monocyte,23448,22.923061882882003
455,91,102598,b_cell,4652,4.5342014464219575
456,91,102598,cd8_t_cell,30489,29.716953546852764
457,91,102598,cd4_t_cell,33782,32.926567769352225
458,91,102598,nk_cell,17885,17.432113686426636
459,91,102598,monocyte,15790,15.390163550946411
460,92,113429,b_cell,7510,6.6208817850814174
461,92,113429,cd8_t_cell,22955,20.23732907810172
462,92,113429,cd4_t_cell,37137,32.74030450766559
463,92,113429,nk_cell,22559,19.888212009274525
464,92,113429,monocyte,23268,20.51327261987675
465,93,109064,b_cell,8676,7.954962224015256
466,93,109064,cd8_t_cell,22893,20.990427638817575
467,93,109064,cd4_t_cell,33280,30.5141935010636
468,93,109064,nk_cell,27470,25.187046138047386
469,93,109064,monocyte,16745,15.353370498056188
470,94,102270,b_cell,13462,13.163195462990124
471,94,102270,cd8_t_cell,19888,19.446563019458296
472,94,102270,cd4_t_cell,23802,23.273687298327957
473,94,102270,nk_cell,19233,18.806101496039894
474,94,102270,monocyte,25885,25.31045272318373
475,95,93081,b_cell,4896,5.2599348954136715
476,95,93081,cd8_t_cell,29022,31.179295452347954
477,95,93081,cd4_t_cell,17746,19.065115329659115
478,95,93081,nk_cell,13579,14.588369269775786
479,95,93081,monocyte,27838,29.907285052803473
480,96,108158,b_cell,8717,8.059505538194124
481,96,108158,cd8_t_cell,29369,27.153793524288538
482,96,108158,cd4_t_cell,31047,28.705227537491446
483,96,108158,nk_cell,13509,12.49006083692376
484,96,108158,monocyte,25516,23.59141256310213
485,97,100776,b_cell,11469,11.380685877589903
486,97,100776,cd8_t_cell,25912,25.712471223307137
487,97,100776,cd4_t_cell,25644,25.446534889259347
488,97,100776,nk_cell,11004,10.91926649202191
489,97,100776,monocyte,26747,26.541041517821707
490,98,105304,b_cell,10482,9.95403783332067
491,98,105304,cd8_t_cell,25543,24.256438501861275
492,98,105304,cd4_t_cell,31326,29.748157714806656
493,98,105304,nk_cell,14459,13.730722479677885
494,98,105304,monocyte,23494,22.31064347033351
495,99,107859,b_cell,12589,11.67171955979566
496,99,107859,cd8_t_cell,30282,28.075543070119323
497,99,107859,cd4_t_cell,30346,28.13487979677171
498,99,107859,nk_cell,18392,17.051891821730223
499,99,107859,monocyte,16250,15.065965751583086
500,100,106648,b_cell,12923,12.117433050783886
501,100,106648,cd8_t_cell,24732,23.19030830395319
502,100,106648,cd4_t_cell,32069,30.06994974120471
503,100,106648,nk_cell,19335,18.12973520366064
504,100,106648,monocyte,17589,16.49257370039757
505,101,100154,b_cell,18583,18.554426183677137
506,101,100154,cd8_t_cell,28514,28.470155959821874
507,101,100154,cd4_t_cell,23455,23.418934840345866
508,101,100154,nk_cell,11925,11.90666373784372
509,101,100154,monocyte,17677,17.6498192783114
510,102,102212,b_cell,16339,15.9854028881149
511,102,102212,cd8_t_cell,15936,15.591124329824288
512,102,102212,cd4_t_cell,30765,30.099205572731186
513,102,102212,nk_cell,16631,16.27108363010214
514,102,102212,monocyte,22541,22.053183579227486
515,103,109022,b_cell,8845,8.113041404487168
516,103,109022,cd8_t_cell,29598,27.14864889655299
517,103,109022,cd4_t_cell,40757,37.38419768487095
518,103,109022,nk_cell,9386,8.609271523178808
519,103,109022,monocyte,20436,18.744840490910093
520,104,110049,b_cell,7005,6.365346345718725
521,104,110049,cd8_t_cell,22323,20.284600496142627
522,104,110049,cd4_t_cell,37678,34.237476033403304
523,104,110049,nk_cell,22843,20.75711728411889
524,104,110049,monocyte,20200,18.355459840616454
525,105,97807,b_cell,10654,10.892880877646794
526,105,97807,cd8_t_cell,20879,21.347142842536833
527,105,97807,cd4_t_cell,27062,27.66877626345763
528,105,97807,nk_cell,14944,15.27907000521435
529,105,97807,monocyte,24268,24.812130011144397
530,106,93933,b_cell,10373,11.042977441367784
531,106,93933,cd8_t_cell,17211,18.32263421800645
532,106,93933,cd4_t_cell,31487,33.520700925127485
533,106,93933,nk_cell,15182,16.162583969425015
534,106,93933,monocyte,19680,20.951103446073265
535,107,102371,b_cell,17623,17.214836232917524
536,107,102371,cd8_t_cell,22928,22.39696789129734
537,107,102371,cd4_t_cell,41127,40.17446347110021
538,107,102371,nk_cell,10535,10.291000380967267
539,107,102371,monocyte,10158,9.922732023717655
540,108,97245,b_cell,4983,5.124170908530001
541,108,97245,cd8_t_cell,27559,28.339760398992237
542,108,97245,cd4_t_cell,26215,26.957684199701788
543,108,97245,nk_cell,17005,17.486760244742662
544,108,97245,monocyte,21483,22.091624248033316
545,109,104944,b_cell,13509,12.87257966153377
546,109,104944,cd8_t_cell,20448,19.48467754230828
547,109,104944,cd4_t_cell,37336,35.57706967525537
548,109,104944,nk_cell,19606,18.682344869644762
549,109,104944,monocyte,14045,13.383328251257815
550,110,97311,b_cell,11477,11.794144546865205
551,110,97311,cd8_t_cell,23447,24.09491218875564
552,110,97311,cd4_t_cell,34048,34.98885018137724
553,110,97311,nk_cell,13382,13.75178551242922
554,110,97311,monocyte,14957,15.3703075705727
555,111,102821,b_cell,15992,15.553243014559282
556,111,102821,cd8_t_cell,23376,22.73465537195709
557,111,102821,cd4_t_cell,35615,34.63786580562336
558,111,102821,nk_cell,15400,14.977485144085353
559,111,102821,monocyte,12438,12.096750663774909
560,112,99754,b_cell,8100,8.11997513884155
561,112,99754,cd8_t_cell,25296,25.358381618782204
562,112,99754,cd4_t_cell,32544,32.62425566894561
563,112,99754,nk_cell,12267,12.297251238045593
564,112,99754,monocyte,21547,21.60013633538505
565,113,108308,b_cell,8777,8.10374118255346
566,113,108308,cd8_t_cell,28919,26.700705395723308
567,113,108308,cd4_t_cell,33746,31.157439893636667
568,113,108308,nk_cell,10391,9.59393581268235
569,113,108308,monocyte,26475,24.444177715404216
570,114,106352,b_cell,13741,12.920302392056568
571,114,106352,cd8_t_cell,28857,27.13348126974575
572,114,106352,cd4_t_cell,31383,29.508612908078835
573,114,106352,nk_cell,18088,17.007672634271103
574,114,106352,monocyte,14283,13.42993079584775
575,115,92639,b_cell,5722,6.176664255874956
576,115,92639,cd8_t_cell,23044,24.875052623625038
577,115,92639,cd4_t_cell,29410,31.746888459504095
578,115,92639,nk_cell,15162,16.366756981400922
579,115,92639,monocyte,19301,20.834637679594987
580,116,99836,b_cell,6304,6.314355543090669
581,116,99836,cd8_t_cell,18835,18.865940141832603
582,116,99836,cd4_t_cell,39506,39.5708962698826
583,116,99836,nk_cell,19426,19.457910973997354
584,116,99836,monocyte,15765,15.790897071196763
585,117,93271,b_cell,8561,9.178630013616235
586,117,93271,cd8_t_cell,28864,30.946382048010634
587,117,93271,cd4_t_cell,23471,25.16430616161508
588,117,93271,nk_cell,13853,14.852419294314418
589,117,93271,monocyte,18522,19.85826248244363
590,118,96176,b_cell,8314,8.644568291465646
591,118,96176,cd8_t_cell,28113,29.23078522708368
592,118,96176,cd4_t_cell,26165,27.205331891532193
593,118,96176,nk_cell,17439,18.132382299118284
594,118,96176,monocyte,16145,16.7869322908002
595,119,109329,b_cell,10519,9.621417922051789
596,119,109329,cd8_t_cell,24245,22.176183812163288
597,119,109329,cd4_t_cell,29357,26.851978889407203
598,119,109329,nk_cell,15664,14.327397122446925
599,119,109329,monocyte,29544,27.023022253930794
600,120,99469,b_cell,5301,5.329298575435563
601,120,99469,cd8_t_cell,25850,25.98799626014135
602,120,99469,cd4_t_cell,28293,28.444037840935366
603,120,99469,nk_cell,18999,19.100423247443928
604,120,99469,monocyte,21026,21.13824407604379
605,121,100448,b_cell,6109,6.081753743230328
606,121,100448,cd8_t_cell,23796,23.68986938515451
607,121,100448,cd4_t_cell,28027,27.901999044281617
608,121,100448,nk_cell,18883,18.798781459063395
609,121,100448,monocyte,23633,23.52759636827015
610,122,102361,b_cell,9758,9.532927579839978
611,122,102361,cd8_t_cell,28775,28.11129238674886
612,122,102361,cd4_t_cell,31029,30.313302918103574
613,122,102361,nk_cell,11544,11.277732730239055
614,122,102361,monocyte,21255,20.764744385068532
615,123,101404,b_cell,8588,8.469093921344326
616,123,101404,cd8_t_cell,26624,26.255374541438208
617,123,101404,cd4_t_cell,29889,29.47516863240109
618,123,101404,nk_cell,17161,16.923395526803674
619,123,101404,monocyte,19142,18.8769673780127
620,124,91040,b_cell,7220,7.930579964850615
621,124,91040,cd8_t_cell,23608,25.93145869947276
622,124,91040,cd4_t_cell,28332,31.120386643233743
623,124,91040,nk_cell,12327,13.540202108963092
624,124,91040,monocyte,19553,21.477372583479788
625,125,108174,b_cell,18039,16.67591103222586
626,125,108174,cd8_t_cell,34464,31.85978146319818
627,125,108174,cd4_t_cell,27052,25.00785771072531
628,125,108174,nk_cell,13365,12.35509456985967
629,125,108174,monocyte,15254,14.101355223990977
630,126,93769,b_cell,8794,9.37836598449381
631,126,93769,cd8_t_cell,21622,23.058793417867314
632,126,93769,cd4_t_cell,29419,31.373908221267154
633,126,93769,nk_cell,12852,13.706022246158112
634,126,93769,monocyte,21082,22.48291013021361
635,127,105638,b_cell,12536,11.866941820178345
636,127,105638,cd8_t_cell,25347,23.994206630189893
637,127,105638,cd4_t_cell,24468,23.16211969177758
638,127,105638,nk_cell,19839,18.780173801094303
639,127,105638,monocyte,23448,22.196558056759876
640,128,102875,b_cell,10257,9.970352369380315
641,128,102875,cd8_t_cell,31155,30.284325637910086
642,128,102875,cd4_t_cell,24291,23.612150668286755
643,128,102875,nk_cell,16425,15.965978128797085
644,128,102875,monocyte,20747,20.16719319562576
645,129,97799,b_cell,8578,8.77105082874058
646,129,97799,cd8_t_cell,24695,25.2507694352703
647,129,97799,cd4_t_cell,33812,34.57295064366711
648,129,97799,nk_cell,12222,12.497060297140052
649,129,97799,monocyte,18492,18.908168795181954
650,130,110509,b_cell,9491,8.588440760481046
651,130,110509,cd8_t_cell,20874,18.888959270285678
652,130,110509,cd4_t_cell,29379,26.585165009184774
653,130,110509,nk_cell,29957,27.108199332181087
654,130,110509,monocyte,20808,18.829235627867412
655,131,94983,b_cell,13475,14.186749207752966
656,131,94983,cd8_t_cell,19647,20.684754113894066
657,131,94983,cd4_t_cell,33782,35.56636450733289
658,131,94983,nk_cell,12269,12.917048313908804
659,131,94983,monocyte,15810,16.645083857111274
660,132,104383,b_cell,12071,11.56414358659935
661,132,104383,cd8_t_cell,22953,21.98921280285104
662,132,104383,cd4_t_cell,37366,35.797016755601966
663,132,104383,nk_cell,10838,10.382916758475998
664,132,104383,monocyte,21155,20.26671009647165
665,133,103248,b_cell,8998,8.714938788160545
666,133,103248,cd8_t_cell,30577,29.615101503176817
667,133,103248,cd4_t_cell,39154,37.922284208895086
668,133,103248,nk_cell,8310,8.048582054858205
669,133,103248,monocyte,16209,15.699093444909346
670,134,94929,b_cell,5345,5.630523865204521
671,134,94929,cd8_t_cell,19854,20.91457826375502
672,134,94929,cd4_t_cell,21093,22.219764244856684
673,134,94929,nk_cell,19431,20.468982081345004
674,134,94929,monocyte,29206,30.766151544838777
675,135,111728,b_cell,6364,5.69597594157239
676,135,111728,cd8_t_cell,30479,27.27964341973364
677,135,111728,cd4_t_cell,33379,29.875232708005157
678,135,111728,nk_cell,21472,19.21810110267793
679,135,111728,monocyte,20034,17.93104682801088
680,136,105539,b_cell,9477,8.979618908649883
681,136,105539,cd8_t_cell,24510,23.223642444972945
682,136,105539,cd4_t_cell,36775,34.84493883777561
683,136,105539,nk_cell,15303,14.4998531348601
684,136,105539,monocyte,19474,18.45194667374146
685,137,103610,b_cell,13112,12.65514911688061
686,137,103610,cd8_t_cell,27662,26.69819515490783
687,137,103610,cd4_t_cell,34563,33.35874915548692
688,137,103610,nk_cell,9519,9.187337129620692
689,137,103610,monocyte,18754,18.100569443103947
690,138,93142,b_cell,10705,11.493203925189496
691,138,93142,cd8_t_cell,24949,26.78598269309227
692,138,93142,cd4_t_cell,26058,27.976637821820443
693,138,93142,nk_cell,14575,15.648150136350946
694,138,93142,monocyte,16855,18.096025423546845
695,139,98502,b_cell,8256,8.381555704452701
696,139,98502,cd8_t_cell,27913,28.337495685366793
697,139,98502,cd4_t_cell,32718,33.21556922702077
698,139,98502,nk_cell,13985,14.197681265355019
699,139,98502,monocyte,15630,15.867698117804716
700,140,94698,b_cell,10349,10.928425098734925
701,140,94698,cd8_t_cell,26253,27.72286637521384
702,140,94698,cd4_t_cell,23476,24.790386280597268
703,140,94698,nk_cell,16992,17.943356776278275
704,140,94698,monocyte,17628,18.614965469175697
705,141,103696,b_cell,4896,4.721493596667181
706,141,103696,cd8_t_cell,28642,27.62112328344391
707,141,103696,cd4_t_cell,35662,34.390911896312296
708,141,103696,nk_cell,13171,12.701550686622435
709,141,103696,monocyte,21325,20.564920536954173
710,142,98991,b_cell,10372,10.477720196785565
711,142,98991,cd8_t_cell,26865,27.138830802800257
712,142,98991,cd4_t_cell,32331,32.66054489802103
713,142,98991,nk_cell,12124,12.24757806265216
714,142,98991,monocyte,17299,17.475326039740988
715,143,95184,b_cell,7954,8.356446461590183
716,143,95184,cd8_t_cell,32400,34.039334341906205
717,143,95184,cd4_t_cell,24873,26.1314926878467
718,143,95184,nk_cell,19369,20.349008236678433
719,143,95184,monocyte,10588,11.123718271978483
720,144,98439,b_cell,7857,7.98159266144516
721,144,98439,cd8_t_cell,37150,37.73910746756875
722,144,98439,cd4_t_cell,27371,27.805036621664176
723,144,98439,nk_cell,8182,8.311746360690377
724,144,98439,monocyte,17879,18.16251688863154
725,145,96711,b_cell,9816,10.149827837577938
726,145,96711,cd8_t_cell,27212,28.13744041525783
727,145,96711,cd4_t_cell,24589,25.425236012449464
728,145,96711,nk_cell,18544,19.1746543826452
729,145,96711,monocyte,16550,17.11284135206957
730,146,108534,b_cell,1835,1.690714430501041
731,146,108534,cd8_t_cell,32579,30.017321760922844
732,146,108534,cd4_t_cell,40424,37.245471465162986
733,146,108534,nk_cell,9906,9.127093813920062
734,146,108534,monocyte,23790,21.919398529493062
735,147,107835,b_cell,9384,8.70218389205731
736,147,107835,cd8_t_cell,27312,25.327583808596465
737,147,107835,cd4_t_cell,35855,33.24987249037882
738,147,107835,nk_cell,12925,11.985904390967681
739,147,107835,monocyte,22359,20.734455417999722
740,148,95497,b_cell,12464,13.051718902164467
741,148,95497,cd8_t_cell,24484,25.638501733038733
742,148,95497,cd4_t_cell,27844,29.156936867126714
743,148,95497,nk_cell,16625,17.408923840539494
744,148,95497,monocyte,14080,14.743918657130589
745,149,106825,b_cell,7999,7.4879475778141815
746,149,106825,cd8_t_cell,30839,28.86871050783992
747,149,106825,cd4_t_cell,31822,29.78890709103674
748,149,106825,nk_cell,18101,16.94453545518371
749,149,106825,monocyte,18064,16.90989936812544
750,150,90252,b_cell,6574,7.284049106944998
751,150,90252,cd8_t_cell,23193,25.698045472676505
752,150,90252,cd4_t_cell,30706,34.02251473651553
753,150,90252,nk_cell,9234,10.231352213801356
754,150,90252,monocyte,20545,22.764038470061607
755,151,94188,b_cell,10045,10.664840531702552
756,151,94188,cd8_t_cell,25079,26.62653416571113
757,151,94188,cd4_t_cell,19743,20.961268951458784
758,151,94188,nk_cell,21948,23.30233150719837
759,151,94188,monocyte,17373,18.445024843929165
760,152,101748,b_cell,10029,9.856704800094352
761,152,101748,cd8_t_cell,23103,22.70609741714825
762,152,101748,cd4_t_cell,34480,33.887643983174115
763,152,101748,nk_cell,16235,15.956087588945236
764,152,101748,monocyte,17901,17.59346621063805
765,153,105449,b_cell,12772,12.112016235336514
766,153,105449,cd8_t_cell,27496,26.075164297432885
767,153,105449,cd4_t_cell,30009,28.45830685924001
768,153,105449,nk_cell,18319,17.372379064761166
769,153,105449,monocyte,16853,15.982133543229429
770,154,98244,b_cell,4851,4.937706119457677
771,154,98244,cd8_t_cell,29394,29.919384389886407
772,154,98244,cd4_t_cell,29002,29.520377834778717
773,154,98244,nk_cell,20254,20.61601726314075
774,154,98244,monocyte,14743,15.006514392736452
775,155,98358,b_cell,9098,9.249883080176497
776,155,98358,cd8_t_cell,31146,31.665954980784484
777,155,98358,cd4_t_cell,29519,30.01179365176193
778,155,98358,nk_cell,15004,15.254478537587183
779,155,98358,monocyte,13591,13.817889749689908
780,156,95669,b_cell,12105,12.653001494737062
781,156,95669,cd8_t_cell,22220,23.22591435052107
782,156,95669,cd4_t_cell,25294,26.43907639883348
783,156,95669,nk_cell,14077,14.714275261578985
784,156,95669,monocyte,21973,22.967732494329407
785,157,107396,b_cell,12798,11.916644940221238
786,157,107396,cd8_t_cell,29712,27.665834854184514
787,157,107396,cd4_t_cell,25824,24.045588290066668
788,157,107396,nk_cell,15303,14.249134045960743
789,157,107396,monocyte,23759,22.12279786956684
790,158,99524,b_cell,9304,9.348498854547648
791,158,99524,cd8_t_cell,28693,28.830231903862387
792,158,99524,cd4_t_cell,30837,30.98448615409348
793,158,99524,nk_cell,16219,16.296571681202522
794,158,99524,monocyte,14471,14.54021140629396
795,159,108497,b_cell,10899,10.04543904439754
796,159,108497,cd8_t_cell,30942,28.51876088739781
797,159,108497,cd4_t_cell,37159,34.24887324073477
798,159,108497,nk_cell,11928,10.993852364581508
799,159,108497,monocyte,17569,16.193074462888372
800,160,108795,b_cell,4919,4.521347488395606
801,160,108795,cd8_t_cell,30893,28.39560641573602
802,160,108795,cd4_t_cell,37824,34.76630359851096
803,160,108795,nk_cell,15030,13.81497311457328
804,160,108795,monocyte,20129,18.501769382784136
805,161,108402,b_cell,11706,10.798693751037804
806,161,108402,cd8_t_cell,27113,25.011531152561762
807,161,108402,cd4_t_cell,27508,25.375915573513403
808,161,108402,nk_cell,23555,21.72930388738215
809,161,108402,monocyte,18520,17.08455563550488
810,162,102499,b_cell,12077,11.782553976136352
811,162,102499,cd8_t_cell,25698,25.071464111844993
812,162,102499,cd4_t_cell,34285,33.44910682055435
813,162,102499,nk_cell,14585,14.229407116166987
814,162,102499,monocyte,15854,15.46746797529732
815,163,104732,b_cell,11351,10.838139250658825
816,163,104732,cd8_t_cell,28692,27.395638391322613
817,163,104732,cd4_t_cell,37866,36.155138830538895
818,163,104732,nk_cell,8485,8.10163082916396
819,163,104732,monocyte,18338,17.5094526983157
820,164,100756,b_cell,11872,11.782921116360317
821,164,100756,cd8_t_cell,26866,26.664417007423875
822,164,100756,cd4_t_cell,29156,28.937234507126124
823,164,100756,nk_cell,8636,8.571201715034341
824,164,100756,monocyte,24226,24.044225654055342
825,165,111486,b_cell,11804,10.587876504673233
826,165,111486,cd8_t_cell,19245,17.262257144394813
827,165,111486,cd4_t_cell,35119,31.50081624598604
828,165,111486,nk_cell,23862,21.4035843065497
829,165,111486,monocyte,21456,19.24546579839621
830,166,111770,b_cell,9198,8.229399660016105
831,166,111770,cd8_t_cell,21433,19.17598640064418
832,166,111770,cd4_t_cell,33200,29.703856133130536
833,166,111770,nk_cell,21756,19.464972711818916
834,166,111770,monocyte,26183,23.425785094390267
835,167,108425,b_cell,9538,8.796864191837676
836,167,108425,cd8_t_cell,40134,37.01544846668204
837,167,108425,cd4_t_cell,26658,24.58658058565829
838,167,108425,nk_cell,12901,11.89854738298363
839,167,108425,monocyte,19194,17.702559372838365
840,168,102412,b_cell,8186,7.993203921415459
841,168,102412,cd8_t_cell,32947,32.17103464437761
842,168,102412,cd4_t_cell,30370,29.654727961567
843,168,102412,nk_cell,18642,18.20294496738663
844,168,102412,monocyte,12267,11.978088505253291
845,169,93829,b_cell,8106,8.639120101461168
846,169,93829,cd8_t_cell,23215,24.741817561734646
847,169,93829,cd4_t_cell,33236,35.4218844920014
848,169,93829,nk_cell,14682,15.647614277035885
849,169,93829,monocyte,14590,15.549563567766894
850,170,98457,b_cell,7984,8.10912377992423
851,170,98457,cd8_t_cell,25161,25.55531856546513
852,170,98457,cd4_t_cell,26639,27.056481509694585
853,170,98457,nk_cell,14178,14.400195008988694
854,170,98457,monocyte,24495,24.878881135927358
855,171,92121,b_cell,11525,12.510719597051704
856,171,92121,cd8_t_cell,23390,25.390518991326626
857,171,92121,cd4_t_cell,22299,24.206207053766242
858,171,92121,nk_cell,14118,15.325495815286416
859,171,92121,monocyte,20789,22.56705854256901
860,172,94096,b_cell,11364,12.077027716374767
861,172,94096,cd8_t_cell,23176,24.630164937935724
862,172,94096,cd4_t_cell,28674,30.47313382077878
863,172,94096,nk_cell,11737,12.47343138921952
864,172,94096,monocyte,19145,20.34624213569121
865,173,96509,b_cell,7082,7.338175714182096
866,173,96509,cd8_t_cell,27520,28.515475240651135
867,173,96509,cd4_t_cell,28266,29.28846014361355
868,173,96509,nk_cell,9801,10.15552953610544
869,173,96509,monocyte,23840,24.702359365447784
870,174,97817,b_cell,7405,7.5702587484793025
871,174,97817,cd8_t_cell,22137,22.631035505075804
872,174,97817,cd4_t_cell,32965,33.70068597483055
873,174,97817,nk_cell,20805,21.269309015815246
874,174,97817,monocyte,14505,14.828710755799094
875,175,107707,b_cell,11412,10.595411625985312
876,175,107707,cd8_t_cell,23005,21.358871753924998
877,175,107707,cd4_t_cell,36667,34.04328409481278
878,175,107707,nk_cell,13648,12.671414114217274
879,175,107707,monocyte,22975,21.331018411059635
880,176,97220,b_cell,7371,7.581773297675376
881,176,97220,cd8_t_cell,18491,19.01974902283481
882,176,97220,cd4_t_cell,31741,32.64863196873071
883,176,97220,nk_cell,13042,13.414935198518824
884,176,97220,monocyte,26575,27.334910512240278
885,177,102788,b_cell,10580,10.293030314822742
886,177,102788,cd8_t_cell,30273,29.451881542592524
887,177,102788,cd4_t_cell,25468,24.77721134762813
888,177,102788,nk_cell,18621,18.115927929330272
889,177,102788,monocyte,17846,17.361948865626335
890,178,109003,b_cell,11377,10.437327413006981
891,178,109003,cd8_t_cell,18189,16.6866966964212
892,178,109003,cd4_t_cell,35564,32.62662495527646
893,178,109003,nk_cell,22592,20.72603506325514
894,178,109003,monocyte,21281,19.52331587204022
895,179,95383,b_cell,4366,4.577335583909083
896,179,95383,cd8_t_cell,24940,26.14721700932032
897,179,95383,cd4_t_cell,26451,27.731356740718997
898,179,95383,nk_cell,15829,16.595200402587462
899,179,95383,monocyte,23797,24.948890263464136
900,180,99526,b_cell,10632,10.6826356931857
901,180,99526,cd8_t_cell,24728,24.845768944798344
902,180,99526,cd4_t_cell,34254,34.41713723047244
903,180,99526,nk_cell,11859,11.915479372224343
904,180,99526,monocyte,18053,18.138978759319173
905,181,106939,b_cell,9617,8.992977304818634
906,181,106939,cd8_t_cell,19948,18.65362496376439
907,181,106939,cd4_t_cell,36652,34.27374484519212
908,181,106939,nk_cell,20353,19.032345542786075
909,181,106939,monocyte,20369,19.04730734343878
910,182,96513,b_cell,7927,8.213401303451349
911,182,96513,cd8_t_cell,14677,15.207277776050896
912,182,96513,cd4_t_cell,43029,44.58363122066457
913,182,96513,nk_cell,12671,13.12880130137909
914,182,96513,monocyte,18209,18.866888398454094
915,183,90271,b_cell,8354,9.254356327059632
916,183,90271,cd8_t_cell,22921,25.39132168692049
917,183,90271,cd4_t_cell,24907,27.591363782388584
918,183,90271,nk_cell,18320,20.294446721538478
919,183,90271,monocyte,15769,17.46851148209281
920,184,101853,b_cell,13752,13.501811434125651
921,184,101853,cd8_t_cell,27317,26.820024937900698
922,184,101853,cd4_t_cell,29444,28.90832866974954
923,184,101853,nk_cell,12478,12.25098917066753
924,184,101853,monocyte,18862,18.518845787556575
925,185,90312,b_cell,8199,9.078527770395961
926,185,90312,cd8_t_cell,26342,29.167773939232884
927,185,90312,cd4_t_cell,30630,33.91575870316237
928,185,90312,nk_cell,11517,12.752458145096998
929,185,90312,monocyte,13624,15.085481442111789
930,186,99781,b_cell,12451,12.478327537306702
931,186,99781,cd8_t_cell,32194,32.26465960453393
932,186,99781,cd4_t_cell,21131,21.177378458824826
933,186,99781,nk_cell,14883,14.91566530702238
934,186,99781,monocyte,19122,19.163969092312165
935,187,97273,b_cell,13389,13.764353931717949
936,187,97273,cd8_t_cell,22858,23.498812620151533
937,187,97273,cd4_t_cell,25999,26.727868987283216
938,187,97273,nk_cell,12980,13.343887820875269
939,187,97273,monocyte,22047,22.665076639972035
940,188,93651,b_cell,10012,10.690756105113666
941,188,93651,cd8_t_cell,20985,22.407662491591122
942,188,93651,cd4_t_cell,30565,32.63713147750691
943,188,93651,nk_cell,12910,13.785223863066065
944,188,93651,monocyte,19179,20.479226062722233
945,189,92269,b_cell,7128,7.725238162329711
946,189,92269,cd8_t_cell,25593,27.737376583684657
947,189,92269,cd4_t_cell,32117,34.808007022943784
948,189,92269,nk_cell,9460,10.252630894449924
949,189,92269,monocyte,17971,19.47674733659192
950,190,107702,b_cell,5835,5.417726690312158
951,190,107702,cd8_t_cell,30522,28.33930660526267
952,190,107702,cd4_t_cell,30147,27.991123656013816
953,190,107702,nk_cell,13942,12.944977809140035
954,190,107702,monocyte,27256,25.30686523927132
955,191,97633,b_cell,10650,10.908197023547366
956,191,97633,cd8_t_cell,30449,31.187201048825703
957,191,97633,cd4_t_cell,25785,26.410127723208344
958,191,97633,nk_cell,12249,12.545962942857436
959,191,97633,monocyte,18500,18.94851126156115
960,192,93422,b_cell,9491,10.159277258033441
961,192,93422,cd8_t_cell,22342,23.91513776198326
962,192,93422,cd4_t_cell,29905,32.01066130033611
963,192,93422,nk_cell,11715,12.539872835092378
964,192,93422,monocyte,19969,21.375050844554817
965,193,104288,b_cell,12614,12.095351334765265
966,193,104288,cd8_t_cell,22778,21.841439091745933
967,193,104288,cd4_t_cell,33863,32.47065817735502
968,193,104288,nk_cell,17323,16.610731819576557
969,193,104288,monocyte,17710,16.981819576557225
970,194,94766,b_cell,8249,8.704598695734758
971,194,94766,cd8_t_cell,21040,22.20205558955744
972,194,94766,cd4_t_cell,32860,34.67488339699892
973,194,94766,nk_cell,14690,15.501340143089292
974,194,94766,monocyte,17927,18.91712217461959
975,195,110093,b_cell,9581,8.702642311500277
976,195,110093,cd8_t_cell,23430,21.282007030419734
977,195,110093,cd4_t_cell,31555,28.662131107336524
978,195,110093,nk_cell,17031,15.4696483881809
979,195,110093,monocyte,28496,25.883571162562564
980,196,106348,b_cell,5599,5.2647910633016135
981,196,106348,cd8_t_cell,22344,21.01026817617633
982,196,106348,cd4_t_cell,35171,33.071613946665664
983,196,106348,nk_cell,20760,19.52081844510475
984,196,106348,monocyte,22474,21.132508368751644
985,197,105242,b_cell,11837,11.247410729556641
986,197,105242,cd8_t_cell,33379,31.716425001425286
987,197,105242,cd4_t_cell,24501,23.28062940651071
988,197,105242,nk_cell,12489,11.866935253986052
989,197,105242,monocyte,23036,21.888599608521314
990,198,112100,b_cell,11947,10.657448706512044
991,198,112100,cd8_t_cell,26396,23.546833184656556
992,198,112100,cd4_t_cell,25884,23.090098126672615
993,198,112100,nk_cell,13726,12.24442462087422
994,198,112100,monocyte,34147,30.461195361284567
995,199,98854,b_cell,14721,14.891658405325025
996,199,98854,cd8_t_cell,18028,18.23699597386044
997,199,98854,cd4_t_cell,32669,33.04772695085682
998,199,98854,nk_cell,11559,11.69300180063528
999,199,98854,monocyte,21877,22.130616869322438
